[{
  "_id": "1",
  "name": "Breakfast",
  "content": "Start your day with exclusive breakfast options",
  "image": "Assets/breakfast.jpg"
},{
  "_id": "2",
  "name": "Lunch",
  "content": "Start your day with exclusive breakfast options",
  "image": "Assets/lunch.jpg"
},{
  "_id": "3",
  "name": "Dinner",
  "content": "Start your day with exclusive breakfast options",
  "image": "Assets/dinner.png"
},{
  "_id": "4",
  "name": "Snacks",
  "content": "Start your day with exclusive breakfast options",
  "image": "Assets/snacks.png"
},{
  "_id": "5",
  "name": "Drinks",
  "content": "Start your day with exclusive breakfast options",
  "image": "Assets/drinks.png"
},{
  "_id": "6",
  "name": "NightLife",
  "content": "Start your day with exclusive breakfast options",
  "image": "Assets/nightlife.png"
}]